City_ID,City,Country,Lat,Lng,Max Temp,Humidity,Cloudiness,Wind Speed,Current Description
0,Ushuaia,AR,-54.8,-68.3,53.26,71,40,24.16,scattered clouds
1,Yellowknife,CA,62.456,-114.3525,-17.88,76,90,4.61,light shower snow
2,Cherskiy,RU,68.75,161.3,-24.57,95,100,1.63,overcast clouds
3,Muros,ES,42.7762,-9.0603,51.24,94,23,5.73,few clouds
4,Dikson,RU,73.5069,80.5464,-23.64,94,92,6.62,overcast clouds
5,Guerrero Negro,MX,27.9769,-114.0611,63.32,46,0,18.48,clear sky
6,Gorom-Gorom,BF,14.4439,-0.2361,68.54,17,35,10.65,scattered clouds
7,Rikitea,PF,-23.1203,-134.9692,77.47,76,100,12.57,moderate rain
8,Avarua,CK,-21.2078,-159.775,82.45,61,75,11.5,broken clouds
9,Bonavista,CA,48.6499,-53.1147,30.11,81,100,38.48,overcast clouds
10,Tra Vinh,VN,9.9347,106.3453,79.7,59,100,11.25,overcast clouds
11,Along,IN,28.1667,94.7667,54.97,44,0,1.28,clear sky
12,Tucuman,AR,-26.8241,-65.2226,78.8,73,0,3.44,clear sky
13,East London,ZA,-33.0153,27.9116,64.22,76,14,19.28,few clouds
14,Port Alfred,ZA,-33.5906,26.891,64.31,78,41,20.74,scattered clouds
15,Ahipara,NZ,-35.1667,173.1667,69.4,56,2,8.48,clear sky
16,Butaritari,KI,3.0707,172.7902,82.31,79,72,16.31,broken clouds
17,Bathsheba,BB,13.2167,-59.5167,79.41,78,40,19.57,scattered clouds
18,Bengkulu,ID,-3.8004,102.2655,79.11,79,100,7.49,overcast clouds
19,Nanortalik,GL,60.1432,-45.2371,35.89,96,100,20.69,light rain
20,New Norfolk,AU,-42.7826,147.0587,74.7,31,99,7.0,overcast clouds
21,Kyshtovka,RU,56.555,76.6271,-2.9,98,100,5.99,overcast clouds
22,Busselton,AU,-33.65,115.3333,72.05,50,0,6.49,clear sky
23,Bethel,US,41.3712,-73.414,46.47,94,90,5.75,mist
24,Qaanaaq,GL,77.484,-69.3632,7.59,74,100,7.0,overcast clouds
25,Ponta Delgada,PT,37.7333,-25.6667,59.72,88,75,21.85,broken clouds
26,Contamana,PE,-7.3333,-75.0167,81.81,67,65,3.47,broken clouds
27,Arraial Do Cabo,BR,-22.9661,-42.0278,73.74,77,8,10.83,clear sky
28,Vaini,TO,-21.2,-175.2,89.76,79,20,9.22,light rain
29,Flinders,AU,-34.5833,150.8552,89.06,63,85,10.27,overcast clouds
30,Katsuura,JP,35.1333,140.3,41.14,57,29,18.61,scattered clouds
31,Grand Gaube,MU,-20.0064,57.6608,73.38,84,0,2.98,clear sky
32,Norman Wells,CA,65.282,-126.8329,-3.96,77,75,5.75,light snow
33,Puerto Ayora,EC,-0.7393,-90.3518,69.55,96,92,1.99,overcast clouds
34,Dong Hoi,VN,17.4833,106.6,67.41,77,100,22.46,overcast clouds
35,Ozernovskiy,RU,51.5,156.5167,23.05,68,100,3.53,overcast clouds
36,Castro,BR,-24.7911,-50.0119,61.29,88,87,12.95,overcast clouds
37,Bilibino,RU,68.0546,166.4372,-10.64,88,100,3.96,overcast clouds
38,Westport,US,41.1415,-73.3579,49.8,98,90,8.05,mist
39,Kapaa,US,22.0752,-159.319,82.38,78,40,5.01,light rain
40,Buala,SB,-8.145,159.5921,82.35,81,99,8.19,light rain
41,Bredasdorp,ZA,-34.5322,20.0403,62.28,88,80,6.91,broken clouds
42,Rosetta,EG,31.4044,30.4164,51.62,66,7,21.18,clear sky
43,Baturite,BR,-4.3286,-38.8847,77.72,79,84,6.51,broken clouds
44,Punta Arenas,CL,-53.15,-70.9167,57.31,58,20,18.41,few clouds
45,Spisska Nova Ves,SK,48.9446,20.5615,39.15,95,99,1.72,overcast clouds
46,Saint-Georges,GD,12.0564,-61.7485,78.48,69,20,17.27,few clouds
47,Mataura,NZ,-46.1927,168.8643,77.49,43,70,13.04,broken clouds
48,Kurumkan,RU,54.3,110.3,9.93,95,100,3.02,light snow
49,Tuktoyaktuk,CA,69.4541,-133.0374,-13.0,77,75,8.05,broken clouds
50,Abu Ghosh,IL,31.8059,35.1093,49.6,66,3,8.01,clear sky
51,Ratnagiri,IN,16.9833,73.3,70.3,55,45,8.66,scattered clouds
52,Neka,IR,36.6508,53.299,53.96,65,69,4.03,broken clouds
53,Matao,BR,-21.6033,-48.3658,68.31,86,0,11.95,clear sky
54,Saint-Pierre,RE,-21.3393,55.4781,74.88,65,0,8.05,clear sky
55,Torbay,CA,47.6666,-52.7314,29.68,75,90,37.98,overcast clouds
56,Isabela,PH,6.7085,121.9711,84.25,64,93,4.05,overcast clouds
57,Kodiak,US,57.79,-152.4072,31.68,77,94,10.63,overcast clouds
58,Usinsk,RU,65.9939,57.5281,-22.07,95,7,7.54,clear sky
59,Rockhampton,AU,-23.3833,150.5,84.09,54,75,9.22,broken clouds
60,Tarakan,ID,3.3,117.6333,76.5,94,75,9.22,moderate rain
61,Bara,NG,10.3744,10.7288,62.33,40,11,7.63,few clouds
62,Piterka,RU,50.6803,47.4454,25.25,97,100,7.56,light snow
63,Jamestown,US,42.097,-79.2353,40.32,98,90,5.01,light snow
64,Guatire,VE,10.4762,-66.5427,76.21,98,65,1.99,broken clouds
65,Cape Town,ZA,-33.9258,18.4232,63.12,88,0,8.05,clear sky
66,Zabid,YE,14.1951,43.3152,73.54,75,51,1.97,broken clouds
67,Longyearbyen,SJ,78.2186,15.6401,21.04,86,0,1.14,clear sky
68,Codrington,AU,-38.2667,141.9667,56.71,86,95,20.76,overcast clouds
69,Georgetown,MY,5.4112,100.3354,76.98,88,40,1.01,scattered clouds
70,Los Llanos De Aridane,ES,28.6585,-17.9182,64.15,97,75,5.01,broken clouds
71,Uray,RU,60.1247,64.7758,4.66,95,100,8.81,overcast clouds
72,Verkhnevilyuysk,RU,63.4453,120.3167,-46.17,100,100,1.28,overcast clouds
73,Vardo,NO,70.3705,31.1107,29.8,76,100,26.8,overcast clouds
74,Esperance,AU,-33.8667,121.9,67.84,51,48,10.78,scattered clouds
75,Tambura,SS,5.6,27.4667,71.69,38,30,3.74,scattered clouds
76,Albany,US,42.6001,-73.9662,36.64,93,100,1.99,snow
77,Valdemarpils,LV,57.3707,22.5919,42.22,84,91,14.16,overcast clouds
78,Port Lincoln,AU,-34.7333,135.8667,64.65,48,100,21.77,overcast clouds
79,Hilo,US,19.7297,-155.09,80.33,47,40,5.75,light rain
80,Khartoum,SD,15.5518,32.5324,65.01,33,2,3.0,clear sky
81,Ankang,CN,32.68,109.0172,45.12,56,1,1.34,clear sky
82,Samfya,ZM,-11.3649,29.5565,65.46,95,100,3.31,light rain
83,Ornskoldsvik,SE,63.2909,18.7153,35.42,80,3,13.8,clear sky
84,Tiksi,RU,71.6872,128.8694,-22.5,100,100,5.44,overcast clouds
85,Pombia,IT,45.653,8.6336,39.54,90,5,2.35,clear sky
86,Kalmunai,LK,7.4167,81.8167,78.78,78,100,11.12,overcast clouds
87,Dakar,SN,14.6937,-17.4441,74.28,86,100,28.61,overcast clouds
88,Upernavik,GL,72.7868,-56.1549,20.95,69,100,1.97,overcast clouds
89,Tonj,SS,7.2737,28.6822,75.24,29,9,6.24,clear sky
90,Leningradskiy,RU,69.3833,178.4167,-17.64,96,100,9.28,overcast clouds
91,Tromso,NO,69.6496,18.957,36.25,93,75,0.0,light intensity shower rain
92,Chokurdakh,RU,70.6333,147.9167,-39.89,100,87,2.8,overcast clouds
93,Atuona,PF,-9.8,-139.0333,78.33,72,15,12.3,few clouds
94,Hay River,CA,60.8156,-115.7999,-11.22,70,75,13.8,light snow
95,Alappuzha,IN,9.49,76.3264,76.06,78,80,7.05,broken clouds
96,Atar,MR,20.5169,-13.0499,68.65,48,100,8.32,overcast clouds
97,Namatanai,PG,-3.6667,152.4333,80.08,84,100,18.99,light rain
98,Lompoc,US,34.6391,-120.4579,56.57,77,1,5.75,clear sky
99,Carnarvon,AU,-24.8667,113.6333,80.67,39,0,16.11,clear sky
100,Hermanus,ZA,-34.4187,19.2345,62.91,89,14,7.52,few clouds
101,Vila Franca Do Campo,PT,37.7167,-25.4333,59.41,90,97,14.65,overcast clouds
102,Margate,GB,51.3813,1.3862,45.3,93,100,1.99,overcast clouds
103,Mahebourg,MU,-20.4081,57.7,73.26,77,0,1.95,clear sky
104,Charagua,BO,-19.8,-63.2167,74.21,56,81,2.04,broken clouds
105,Winnemucca,US,40.973,-117.7357,23.05,86,90,5.75,mist
106,Lagos,NG,6.5833,3.75,71.6,76,21,2.93,few clouds
107,Santander,ES,43.4647,-3.8044,47.98,70,0,3.44,clear sky
108,Ferrol,ES,43.4832,-8.2369,50.25,75,88,5.41,overcast clouds
109,Thompson,CA,55.7435,-97.8558,-18.24,83,40,2.3,scattered clouds
110,Cam Ranh,VN,11.9214,109.1591,71.56,78,75,14.97,broken clouds
111,Ovalle,CL,-30.5983,-71.2003,71.65,53,0,3.24,clear sky
112,Vostok,RU,46.4856,135.8833,1.42,83,42,3.47,scattered clouds
113,Saint-Philippe,RE,-21.3585,55.7679,74.79,79,55,2.73,broken clouds
114,San Cristobal,VE,7.7669,-72.225,69.98,94,100,1.54,overcast clouds
115,Ejido,VE,8.5514,-71.2375,69.93,93,100,1.59,overcast clouds
116,Sri Aman,MY,1.2376,111.4621,77.09,94,40,1.14,scattered clouds
117,Nouadhibou,MR,20.931,-17.0347,64.38,82,100,5.75,overcast clouds
118,Klaksvik,FO,62.2266,-6.589,45.52,88,99,10.04,overcast clouds
119,Provideniya,RU,64.3833,-173.3,4.08,96,100,16.62,light snow
120,Yulara,AU,-25.2406,130.9889,96.64,14,5,13.8,clear sky
121,Talnakh,RU,69.4865,88.3972,-29.83,88,71,1.21,broken clouds
122,Sitka,US,57.0531,-135.33,30.09,80,20,5.75,few clouds
123,Sambulawan,PH,11.2016,124.4794,84.76,70,82,4.74,broken clouds
124,Hamilton,US,39.1834,-84.5333,40.05,88,90,3.0,overcast clouds
125,Adrar,MR,20.5022,-10.0711,72.21,48,100,15.48,overcast clouds
126,Luderitz,NA,-26.6481,15.1594,60.19,78,56,7.54,broken clouds
127,Teavaro,PF,-17.5,-149.7667,81.88,61,75,3.44,light rain
128,Severo-Kurilsk,RU,50.6789,156.125,28.49,69,100,5.06,overcast clouds
129,Hualmay,PE,-11.0964,-77.6139,67.32,85,39,7.65,scattered clouds
130,Cabra,ES,37.4725,-4.4421,48.18,79,53,4.14,broken clouds
131,Kaitangata,NZ,-46.2817,169.8464,76.24,42,33,14.09,scattered clouds
132,Anadyr,RU,64.75,177.4833,14.5,92,90,67.0,overcast clouds
133,Bandarbeyla,SO,9.4942,50.8122,76.66,72,44,14.63,scattered clouds
134,Tuatapere,NZ,-46.1333,167.6833,77.83,54,16,11.5,few clouds
135,Olinda,BR,-8.0089,-34.8553,82.13,74,75,5.75,broken clouds
136,Raudeberg,NO,61.9875,5.1352,41.67,86,94,3.0,overcast clouds
137,Saskylakh,RU,71.9167,114.0833,-18.53,99,97,4.81,overcast clouds
138,Kamaishi,JP,39.2667,141.8833,31.15,56,63,6.89,broken clouds
139,Umm Lajj,SA,25.0213,37.2685,65.07,59,2,12.66,clear sky
140,Hobart,AU,-42.8794,147.3294,75.06,33,0,16.11,clear sky
141,Lebu,CL,-37.6167,-73.65,56.05,92,3,16.55,clear sky
142,Sao Filipe,CV,14.8961,-24.4956,71.11,79,97,8.12,overcast clouds
143,North Platte,US,41.1239,-100.7654,15.69,57,1,7.0,clear sky
144,Manokwari,ID,-0.8667,134.0833,83.98,67,66,2.44,broken clouds
145,Asyut,EG,27.181,31.1837,48.38,58,0,3.96,clear sky
146,Ambovombe,MG,-25.1667,46.0833,67.96,76,100,11.79,overcast clouds
147,Ponta Do Sol,PT,32.6667,-17.1,68.0,87,87,16.15,overcast clouds
148,Vila,PT,42.0304,-8.1588,40.33,82,87,4.54,overcast clouds
149,Santiago De Cuba,CU,20.0247,-75.8219,79.52,78,20,5.75,few clouds
150,Uberlandia,BR,-18.9186,-48.2772,72.61,83,40,2.3,scattered clouds
151,Hithadhoo,MV,-0.6,73.0833,82.02,72,100,2.39,overcast clouds
152,Pisco,PE,-13.7,-76.2167,66.25,82,0,14.97,clear sky
153,Camargo,MX,27.6667,-105.1667,58.17,59,23,4.34,few clouds
154,Russell,US,32.3502,-85.1999,65.97,94,90,0.0,heavy intensity rain
155,Nemuro,JP,43.3236,145.575,21.63,48,12,12.33,few clouds
156,Gat,IL,31.61,34.7642,56.39,29,5,10.4,clear sky
157,Tukrah,LY,32.5341,20.5791,52.03,64,90,19.71,overcast clouds
158,Raton,US,36.9034,-104.4391,28.58,43,1,4.61,clear sky
159,Souillac,MU,-20.5167,57.5167,73.36,78,0,2.73,clear sky
160,Nizhneivkino,RU,58.194,49.5214,5.25,99,94,1.03,overcast clouds
161,Smithers,CA,54.7804,-127.1743,5.32,85,1,0.0,clear sky
162,Yermakovskoye,RU,53.2831,92.4003,25.43,75,99,12.5,overcast clouds
163,Sakiai,LT,54.9547,23.0358,39.45,93,100,17.34,overcast clouds
164,Raga,SS,8.4596,25.678,71.22,28,82,5.82,broken clouds
165,Bluff,NZ,-46.6,168.3333,77.81,65,34,13.06,scattered clouds
166,Geraldton,AU,-28.7667,114.6,77.13,46,0,12.66,clear sky
167,Berlevag,NO,70.8578,29.0864,29.48,82,100,24.38,overcast clouds
168,Tasiilaq,GL,65.6145,-37.6368,32.16,95,100,25.61,snow
169,Truckee,US,39.328,-120.1833,37.2,94,90,0.0,fog
170,Merritt Island,US,28.5392,-80.672,77.09,87,1,5.75,clear sky
171,Sambava,MG,-14.2667,50.1667,74.95,91,21,3.62,few clouds
172,Khatanga,RU,71.9667,102.5,-19.61,95,100,3.96,overcast clouds
173,San Patricio,US,28.017,-97.5169,60.78,74,80,18.57,broken clouds
174,Pevek,RU,69.7008,170.3133,-15.95,92,100,1.03,overcast clouds
175,Lagoa,PT,39.05,-27.9833,60.06,84,94,32.91,overcast clouds
176,Atasu,KZ,48.6814,71.6433,18.07,80,100,6.53,overcast clouds
177,Xining,CN,36.6167,101.7667,23.07,39,100,2.28,overcast clouds
178,Rawson,AR,-43.3002,-65.1023,61.29,91,28,14.07,scattered clouds
179,Sao Jose Da Coroa Grande,BR,-8.8978,-35.1478,78.62,79,14,10.4,few clouds
180,Isangel,VU,-19.55,169.2667,80.71,89,75,6.91,broken clouds
181,Constitucion,CL,-35.3333,-72.4167,57.02,82,0,10.74,clear sky
182,Barrow,US,71.2906,-156.7887,-5.78,77,90,11.5,light snow
183,Khovu-Aksy,RU,51.1333,93.6,5.49,79,100,4.5,overcast clouds
184,Klyuchi,RU,52.2667,79.1667,18.5,95,100,6.31,overcast clouds
185,Itapirapua,BR,-15.8233,-50.6133,74.16,91,100,1.16,heavy intensity rain
186,Tomatlan,MX,19.9333,-105.25,71.37,82,94,1.14,overcast clouds
187,Barcelos,PT,41.5388,-8.6151,50.68,69,21,5.77,few clouds
188,Fort Frances,CA,48.5999,-93.4003,8.82,76,90,3.44,overcast clouds
189,Chuy,UY,-33.6971,-53.4616,63.91,80,0,9.55,clear sky
190,Saulkrasti,LV,57.2622,24.4147,42.75,85,100,22.1,overcast clouds
191,Kahului,US,20.8947,-156.47,80.62,72,40,24.16,light rain
192,Sisimiut,GL,66.9395,-53.6735,25.66,62,100,5.19,overcast clouds
193,Ambikapur,IN,23.1167,83.2,45.01,46,0,1.83,clear sky
194,Narsaq,GL,60.9167,-46.05,44.82,85,100,10.2,light rain
195,Cidreira,BR,-30.1811,-50.2056,70.38,72,77,19.19,broken clouds
196,Deputatskiy,RU,69.3,139.9,-27.06,99,100,2.06,overcast clouds
197,Ankpa,NG,7.3706,7.6253,71.74,32,5,4.38,clear sky
198,Zavetnoye,RU,47.1194,43.8903,32.68,86,94,15.05,overcast clouds
199,Manzhouli,CN,49.6,117.4333,8.29,84,12,9.48,few clouds
200,Hovd,MN,48.0056,91.6419,14.4,47,8,8.86,clear sky
201,Caucaia,BR,-3.7361,-38.6531,82.35,75,20,11.5,few clouds
202,Vallenar,CL,-28.5708,-70.7581,71.2,51,38,3.85,scattered clouds
203,Taoudenni,ML,22.6783,-3.9836,71.28,17,36,10.13,scattered clouds
204,Turukhansk,RU,65.8167,87.9833,-34.19,91,23,4.23,few clouds
205,Rosarito,MX,32.3333,-117.0333,59.81,41,2,8.55,clear sky
206,Razdolinsk,RU,58.4211,94.6658,-13.9,97,100,5.12,overcast clouds
207,Maarianhamina,AX,60.0973,19.9348,39.06,75,0,18.41,clear sky
208,Korla,CN,41.7597,86.1469,19.31,65,7,3.29,clear sky
209,Mar Del Plata,AR,-38.0023,-57.5575,70.09,93,0,1.99,clear sky
210,Junction City,US,39.0286,-96.8314,21.81,69,1,1.99,clear sky
211,Laguna,US,38.421,-121.4238,47.64,90,40,0.0,mist
212,Mount Isa,AU,-20.7333,139.5,98.37,30,75,12.66,broken clouds
213,Muscat,OM,23.6139,58.5922,64.42,68,100,3.76,overcast clouds
214,Ask,NO,60.0717,11.0345,32.83,86,0,0.0,clear sky
215,Aswan,EG,24.0934,32.907,51.1,50,0,9.22,clear sky
216,Sobolevo,RU,54.4299,31.8996,35.83,100,100,15.99,light rain
217,Zhigansk,RU,66.7697,123.3711,-44.54,99,84,5.93,broken clouds
218,Quatre Cocos,MU,-20.2078,57.7625,73.09,76,0,2.59,clear sky
219,Makakilo City,US,21.3469,-158.0858,79.12,60,75,12.66,broken clouds
220,Gwadar,PK,25.1216,62.3254,68.09,66,98,3.13,overcast clouds
221,Batemans Bay,AU,-35.7167,150.1833,83.91,53,98,10.51,overcast clouds
222,Alice Springs,AU,-23.7,133.8833,99.95,16,6,6.91,clear sky
223,Imbituba,BR,-28.24,-48.6703,71.82,80,100,8.59,overcast clouds
224,Ribeira Grande,PT,38.5167,-28.7,60.89,73,100,29.26,overcast clouds
225,Dingle,PH,10.9995,122.6711,83.66,78,97,9.35,overcast clouds
226,Huangchuan,CN,32.1272,115.0394,48.25,27,69,8.34,broken clouds
227,Moyale,KE,3.5167,39.0584,65.98,85,39,2.17,scattered clouds
228,Kalat,PK,29.0225,66.5916,38.03,41,8,1.5,clear sky
229,Hofn,IS,64.2539,-15.2082,39.52,88,100,9.19,overcast clouds
230,Coihaique,CL,-45.5752,-72.0662,56.88,89,0,6.89,clear sky
231,Solnechnyy,RU,50.7214,136.6319,-6.66,77,29,3.69,scattered clouds
232,Iqaluit,CA,63.7506,-68.5145,8.33,78,90,18.99,light snow
233,Chicama,PE,-7.8447,-79.1469,63.14,81,100,5.1,overcast clouds
234,Kampong Thum,KH,12.7111,104.8887,73.51,65,94,9.28,overcast clouds
235,Tazovskiy,RU,67.4667,78.7,-41.75,99,74,5.06,broken clouds
236,Yambio,SS,4.5721,28.3955,74.59,45,90,2.21,overcast clouds
237,Alekseyevsk,RU,57.8406,108.3492,-13.59,97,100,5.73,overcast clouds
238,Hare Bay,CA,48.8499,-54.0148,24.19,85,100,20.89,light snow
239,Ust-Omchug,RU,61.15,149.6333,-36.47,100,92,3.22,overcast clouds
240,Bekhteyevka,RU,50.8072,37.2085,29.3,85,98,13.4,overcast clouds
241,Namibe,AO,-15.1961,12.1522,68.23,72,98,6.13,overcast clouds
242,Ancud,CL,-41.8697,-73.8203,57.42,96,0,5.3,clear sky
243,Forio,IT,40.7342,13.8646,49.82,55,6,9.95,clear sky
244,Saldanha,ZA,-33.0117,17.9442,60.85,94,17,9.66,few clouds
245,Sarangani,PH,5.4033,125.4636,83.66,76,25,17.56,scattered clouds
246,Lucapa,AO,-8.4192,20.7447,63.91,97,91,0.85,overcast clouds
247,Te Anau,NZ,-45.4167,167.7167,58.24,89,100,9.53,overcast clouds
248,Kissidougou,GN,9.1848,-10.0999,68.29,30,10,2.1,clear sky
249,Port Macquarie,AU,-31.4333,152.9167,89.56,62,61,16.42,broken clouds
250,Nanjing,CN,32.0617,118.7778,49.77,30,100,5.91,overcast clouds
251,Sena Madureira,BR,-9.0656,-68.6569,75.2,98,100,1.01,moderate rain
252,Gasa,PS,31.5,34.4667,55.38,58,0,13.71,clear sky
253,Nikolskoye,RU,59.7035,30.7861,35.02,95,100,10.29,light snow
254,Victoria,HK,22.2855,114.1577,64.26,50,100,4.0,overcast clouds
255,Nacala,MZ,-14.5428,40.6728,73.62,96,65,4.25,broken clouds
256,Samarai,PG,-10.6167,150.6667,83.89,68,100,12.73,overcast clouds
257,Airai,TL,-8.9266,125.4092,75.29,55,91,1.28,overcast clouds
258,Andros Town,BS,24.7,-77.7667,76.96,76,100,18.19,overcast clouds
259,Moron,AR,-34.6534,-58.6198,76.98,77,0,4.0,clear sky
260,Doka,SD,13.5167,35.7667,71.49,38,21,9.35,few clouds
261,Rabaul,PG,-4.1967,152.1721,80.2,81,100,0.76,light rain
262,San Lorenzo,PY,-25.3333,-57.5333,85.59,48,0,3.0,clear sky
263,Ostrovnoy,RU,68.0531,39.5131,15.26,86,100,19.15,overcast clouds
264,Blythe,US,33.6103,-114.5964,57.65,19,1,5.75,clear sky
265,Suhindol,BG,43.1917,25.1811,29.89,85,31,7.52,scattered clouds
266,Bubaque,GW,11.2833,-15.8333,78.62,59,15,18.05,few clouds
267,Paamiut,GL,61.994,-49.6678,32.2,85,100,7.9,overcast clouds
268,Santa Maria,BR,-29.6842,-53.8069,70.9,73,20,17.27,few clouds
269,Xinmin,CN,41.9908,122.8253,26.85,36,0,11.39,clear sky
270,Okulovka,RU,58.4008,33.2908,31.42,98,100,9.64,light snow
271,Praia,CV,14.9215,-23.5087,72.14,83,75,14.97,broken clouds
272,Kommunar,RU,59.6206,30.39,34.66,93,100,12.86,overcast clouds
273,Sur,OM,22.5667,59.5289,67.35,67,100,2.24,overcast clouds
274,Sola,VU,-13.8833,167.55,81.75,72,53,4.97,broken clouds
275,Kloulklubed,PW,7.0419,134.2556,84.7,68,55,16.24,broken clouds
276,Jatai,BR,-17.8814,-51.7144,71.38,92,100,1.66,moderate rain
277,Alghero,IT,40.5589,8.3181,41.09,87,0,4.61,clear sky
278,Nantucket,US,41.2835,-70.0995,44.71,93,90,6.91,mist
279,Storforshei,NO,66.4043,14.5233,35.65,98,98,6.67,light rain
280,Conakry,GN,9.538,-13.6773,75.36,75,26,10.87,scattered clouds
281,Pestravka,RU,52.405,49.9583,24.21,97,100,5.3,overcast clouds
282,Port Hardy,CA,50.6996,-127.4199,41.0,100,75,4.61,broken clouds
283,Stornoway,GB,58.2093,-6.3865,44.92,92,90,1.14,overcast clouds
284,Haveli,PK,30.4502,73.6989,44.51,21,15,3.36,few clouds
285,Savinka,RU,50.0785,47.0994,27.23,97,100,9.15,light snow
286,Djougou,BJ,9.7085,1.666,72.14,21,7,9.57,clear sky
287,Mana,GF,5.6592,-53.7767,77.09,90,10,6.26,clear sky
288,Havoysund,NO,70.9963,24.6622,32.88,85,81,14.45,broken clouds
289,Binzhou,CN,37.3667,118.0167,38.7,37,0,10.98,clear sky
290,Sorong,ID,-0.8833,131.25,83.64,77,13,4.52,few clouds
291,Itarema,BR,-2.9248,-39.9167,80.91,77,100,16.08,overcast clouds
292,Sao Joao Da Barra,BR,-21.6403,-41.0511,73.56,86,100,10.2,overcast clouds
293,Veraval,IN,20.9,70.3667,66.0,39,5,14.52,clear sky
294,Abu Dhabi,AE,24.4667,54.3667,68.02,67,0,2.3,clear sky
295,Puerto Escondido,MX,15.85,-97.0667,81.43,69,1,0.0,clear sky
296,Paracale,PH,14.2804,122.7881,81.27,85,91,10.49,overcast clouds
297,Itoman,JP,26.1247,127.6694,65.17,51,75,18.41,broken clouds
298,Kruisfontein,ZA,-34.0033,24.7314,56.88,90,58,5.86,broken clouds
299,Cine,TR,37.6117,28.0614,45.5,97,100,5.5,light rain
300,Siocon,PH,7.7061,122.1353,86.04,63,100,2.71,overcast clouds
301,Moose Factory,CA,51.2585,-80.6094,-0.4,78,75,4.61,broken clouds
302,Nambiyur,IN,11.3667,77.3333,72.99,87,27,3.11,scattered clouds
303,Staryy Nadym,RU,65.6118,72.6842,-35.82,99,30,7.07,scattered clouds
304,Araouane,ML,18.9048,-3.5265,68.09,15,11,11.12,few clouds
305,Tynda,RU,55.1667,124.7167,-13.22,93,96,0.85,overcast clouds
306,Goderich,CA,43.7501,-81.7165,32.92,86,100,9.22,overcast clouds
307,Faanui,PF,-16.4833,-151.75,79.97,74,7,9.37,light rain
308,Poso,ID,-1.3959,120.7524,86.27,64,99,2.42,overcast clouds
309,Port Hedland,AU,-20.3167,118.5667,109.45,7,19,18.41,few clouds
310,Taltal,CL,-25.4,-70.4833,65.37,80,93,2.37,overcast clouds
311,Tembisa,ZA,-25.9964,28.2268,54.3,97,100,6.76,light rain
312,Bauchi,NG,10.5,10.0,58.37,40,8,5.59,clear sky
313,San Pedro,PH,14.35,121.0167,74.43,96,90,4.61,moderate rain
314,Shache,CN,38.4167,77.2406,20.19,68,2,3.2,clear sky
315,Ashoknagar,IN,24.5667,77.7167,45.19,44,0,3.31,clear sky
316,Zlobin,HR,45.2924,14.6541,30.16,77,0,3.44,clear sky
317,Tiarei,PF,-17.5333,-149.3333,82.42,73,87,10.27,light rain
318,Rocha,UY,-34.4833,-54.3333,58.57,94,0,7.18,clear sky
319,Copiapo,CL,-27.3667,-70.3333,56.89,64,100,3.13,overcast clouds
320,Falam,MM,22.9167,93.6833,55.09,77,0,1.05,clear sky
321,Kendari,ID,-3.945,122.4989,85.14,73,100,3.06,overcast clouds
322,Sept-Iles,CA,50.2001,-66.3821,14.43,70,20,4.0,few clouds
323,Palatka,US,29.6486,-81.6376,72.45,84,66,3.33,broken clouds
324,Ilhabela,BR,-23.7781,-45.3581,72.54,86,80,7.07,broken clouds
325,Dudinka,RU,69.4058,86.1778,-41.64,100,59,1.01,broken clouds
326,Gao,ML,16.6362,1.637,63.28,17,0,14.5,clear sky
327,Egvekinot,RU,66.3167,-179.1667,0.14,96,100,11.21,light snow
328,Kavieng,PG,-2.5744,150.7967,81.77,80,100,15.46,moderate rain
329,Abu Kamal,SY,34.4506,40.9171,54.77,53,84,4.56,broken clouds
330,Olafsvik,IS,64.8945,-23.7142,44.85,96,100,20.0,overcast clouds
331,Dickinson,US,29.4608,-95.0513,60.98,94,90,4.0,overcast clouds
332,Kieta,PG,-6.2167,155.6333,80.87,79,100,4.07,overcast clouds
333,Knysna,ZA,-34.0363,23.0471,66.2,76,100,4.18,overcast clouds
334,Kawalu,ID,-7.3817,108.2082,82.38,69,85,3.33,overcast clouds
335,Santa Catarina De Tepehuanes,MX,25.35,-105.7333,48.96,78,16,6.69,few clouds
336,Ciudad Guayana,VE,8.3533,-62.6528,73.74,96,100,5.66,overcast clouds
337,Ballina,AU,-28.8667,153.5667,86.18,59,40,14.97,scattered clouds
338,Guasdualito,VE,7.2424,-70.7324,78.76,83,0,0.0,clear sky
339,Kavaratti,IN,10.5669,72.642,81.91,67,30,10.92,scattered clouds
340,Wamba,NG,8.9333,8.6,69.04,33,16,4.34,few clouds
341,Venado Tuerto,AR,-33.7456,-61.9688,74.79,27,0,10.07,clear sky
342,Otsuki,JP,35.6,138.9333,40.23,31,0,3.0,clear sky
343,Byumba,RW,-1.5763,30.0675,55.6,93,99,2.73,overcast clouds
344,Wanning,CN,18.8003,110.3967,67.05,81,100,19.04,overcast clouds
345,Abalak,RU,58.1286,68.5944,10.45,95,100,8.61,light snow
346,Chiang Klang,TH,19.2938,100.8617,75.43,61,40,1.43,scattered clouds
347,Lincoln,US,40.8,-96.667,22.95,73,90,1.99,overcast clouds
348,Tautira,PF,-17.7333,-149.15,82.42,74,83,10.94,light rain
349,Huatulco,MX,15.8436,-96.3267,78.87,78,20,4.43,few clouds
350,Faya,SA,18.3851,42.4509,55.92,62,7,2.24,clear sky
351,Davila,PH,18.4726,120.5763,82.38,82,100,28.57,overcast clouds
352,Jumla,NP,29.2747,82.1838,28.18,25,0,5.57,clear sky
353,Mayskiy,RU,47.6931,40.1025,31.41,80,82,10.51,broken clouds
354,Sorland,NO,67.667,12.6934,40.95,83,100,37.8,light rain
355,Marfino,RU,55.7028,37.3822,26.85,92,90,13.42,snow
356,Tashla,RU,51.7716,52.7427,32.13,99,100,8.7,light snow
357,Port Elizabeth,ZA,-33.918,25.5701,59.09,83,70,12.17,broken clouds
358,Srednekolymsk,RU,67.45,153.6833,-45.92,100,91,4.61,overcast clouds
359,Tessalit,ML,20.1986,1.0114,63.75,21,0,10.07,clear sky
360,Saint George,US,37.1041,-113.5841,43.39,51,1,1.01,clear sky
361,Cockburn Town,TC,21.4612,-71.1419,78.76,61,40,12.66,scattered clouds
362,Belle Fourche,US,44.6714,-103.8522,36.25,47,69,3.62,broken clouds
363,Batagay,RU,67.6333,134.6333,-30.48,98,100,1.5,overcast clouds
364,Ocean Springs,US,30.4113,-88.8278,69.82,100,20,0.0,light rain
365,Libreville,GA,0.3925,9.4537,82.42,83,40,4.61,scattered clouds
366,La Mana,EC,-0.9333,-79.2167,83.89,88,100,0.49,overcast clouds
367,Hambantota,LK,6.1241,81.1185,71.94,100,75,4.61,broken clouds
368,Aklavik,CA,68.2191,-135.0107,-3.17,99,95,4.12,overcast clouds
369,Husavik,IS,66.0449,-17.3389,33.71,89,100,9.55,overcast clouds
370,Tibati,CM,6.4667,12.6333,67.03,35,99,2.62,overcast clouds
371,Tilichiki,RU,60.4667,166.1,-2.58,96,97,9.82,overcast clouds
372,San Felipe,VE,10.3399,-68.7425,71.83,95,94,5.08,overcast clouds
373,Umtata,ZA,-31.5889,28.7844,52.11,96,1,3.27,clear sky
374,Manado,ID,1.487,124.8455,79.57,94,75,9.22,broken clouds
375,Sarkand,KZ,45.41,79.9186,31.73,59,100,8.72,overcast clouds
376,Mgandu,TZ,-5.95,34.1333,62.92,91,82,2.37,light rain
377,Arica,CL,-18.475,-70.3042,66.43,72,75,4.61,broken clouds
378,Nyurba,RU,63.2842,118.3319,-49.76,100,100,0.69,overcast clouds
379,Batticaloa,LK,7.7102,81.6924,79.34,74,100,11.45,overcast clouds
380,Banda Aceh,ID,5.5577,95.3222,76.6,86,100,9.04,overcast clouds
381,Rajgarh,IN,28.6333,75.3833,46.18,18,0,6.38,clear sky
382,Zhuhai,CN,22.2769,113.5678,63.99,55,20,20.71,few clouds
383,Talkha,EG,31.0539,31.3779,49.42,66,4,11.56,clear sky
384,Shar,KZ,49.5886,81.0453,16.65,79,100,15.57,overcast clouds
385,Una,IN,20.8167,71.0333,62.83,43,0,12.39,clear sky
386,Orlik,RU,52.5178,99.825,9.43,90,80,9.22,broken clouds
387,Touros,BR,-5.1989,-35.4608,81.5,75,76,13.94,broken clouds
388,Huilong,CN,31.8111,121.655,44.98,36,97,7.29,overcast clouds
389,Ust-Maya,RU,60.4167,134.5333,-30.77,97,100,1.03,overcast clouds
390,Mehamn,NO,71.0357,27.8492,28.78,84,99,25.01,overcast clouds
391,Roald,NO,62.5833,6.1333,43.16,70,90,13.8,overcast clouds
392,Avera,US,33.194,-82.5271,65.08,94,100,9.19,heavy intensity rain
393,San Quintin,MX,30.4833,-115.95,57.76,58,0,4.36,clear sky
394,Baglan,AF,36.1307,68.7083,44.73,30,42,3.33,scattered clouds
395,Purna,IN,19.1833,77.05,59.04,67,3,5.79,clear sky
396,Ibotirama,BR,-12.1853,-43.2206,76.71,72,100,1.95,overcast clouds
397,Teguldet,RU,57.3064,88.1667,-1.48,99,100,4.47,overcast clouds
398,Zyryanka,RU,65.75,150.85,-46.84,100,100,3.29,overcast clouds
399,Samana,DO,19.2056,-69.3369,77.2,68,100,10.96,overcast clouds
400,Lynn Haven,US,30.2455,-85.6483,73.02,97,90,3.0,overcast clouds
401,Clyde River,CA,70.4692,-68.5914,3.43,92,100,14.97,light snow
402,Vao,NC,-22.6667,167.4833,76.46,85,20,23.85,few clouds
403,Mangrol,IN,21.1167,70.1167,64.26,41,4,12.15,clear sky
404,Yar-Sale,RU,66.8333,70.8333,-29.2,99,26,5.73,scattered clouds
405,Camana,PE,-16.6228,-72.7111,68.25,83,99,6.96,overcast clouds
406,Lillehammer,NO,61.1146,10.4674,33.04,74,3,10.47,clear sky
407,Koumac,NC,-20.5667,164.2833,79.93,68,70,10.78,broken clouds
408,Palmer,US,42.1584,-72.3287,36.48,86,90,4.61,light rain
409,Ust-Uda,RU,54.1742,103.0304,21.88,89,100,8.93,overcast clouds
410,Ust-Kuyga,RU,70.0167,135.6,-29.13,98,100,2.37,overcast clouds
411,Cabo San Lucas,MX,22.8909,-109.9124,73.71,78,20,3.44,few clouds
412,Port-Gentil,GA,-0.7193,8.7815,79.97,81,47,6.58,scattered clouds
413,Vila Velha,BR,-20.3297,-40.2925,71.55,96,90,5.99,overcast clouds
414,Harper,LR,4.375,-7.7169,79.61,84,95,6.71,overcast clouds
415,Boden,SE,65.8252,21.6886,30.2,78,98,7.36,overcast clouds
416,Viedma,AR,-40.8135,-62.9967,77.56,53,0,13.47,clear sky
417,Guabito,PA,9.5,-82.6167,75.49,90,26,3.2,scattered clouds
418,Sawtell,AU,-30.3833,153.1,86.02,54,31,13.8,scattered clouds
419,Yanam,IN,16.7333,82.2167,70.2,69,0,4.18,heavy intensity rain
420,Puerto Lumbreras,ES,37.5633,-1.8097,53.98,81,99,7.07,overcast clouds
421,Magdagachi,RU,53.45,125.8,-6.36,90,99,4.14,overcast clouds
422,Ust-Tsilma,RU,65.441,52.1498,-17.52,100,96,3.65,overcast clouds
423,Meulaboh,ID,4.1363,96.1285,75.02,89,100,6.38,moderate rain
424,Chapais,CA,49.7834,-74.8492,8.38,95,100,2.91,overcast clouds
425,Sechura,PE,-5.5569,-80.8222,70.09,75,100,15.19,overcast clouds
426,Shestakovo,RU,56.4915,103.96,-0.53,96,100,7.58,light snow
427,Bemidji,US,47.4736,-94.8803,4.17,83,1,0.0,clear sky
428,Pishva,IR,35.308,51.7267,42.01,87,80,6.53,broken clouds
429,Portland,US,45.5234,-122.6762,52.59,92,90,1.99,moderate rain
430,Calderitas,MX,18.55,-88.25,76.78,88,7,7.09,clear sky
431,Kuusamo,FI,65.9667,29.1833,19.44,93,90,4.61,light snow
432,Sulangan,PH,11.1373,123.7228,81.16,80,70,7.07,broken clouds
433,Broken Hill,AU,-31.95,141.4333,74.91,78,100,8.05,overcast clouds
434,Coquimbo,CL,-29.9533,-71.3436,60.53,82,0,5.75,clear sky
435,Lavrentiya,RU,65.5833,-171.0,-0.35,94,100,7.85,overcast clouds
436,Santo Antonio Do Monte,BR,-20.0872,-45.2936,65.26,94,12,13.35,light rain
437,Miandrivazo,MG,-19.5167,45.4667,77.34,82,13,2.08,few clouds
438,Tutin,RS,42.9903,20.3314,14.49,96,52,5.48,broken clouds
439,Lamu,KE,-2.2717,40.902,79.02,89,5,6.76,moderate rain
440,Nishihara,JP,26.1842,127.7558,64.45,50,75,6.91,broken clouds
441,Broome,US,42.2506,-75.833,41.85,87,90,4.0,light rain
442,Novobirilyussy,RU,56.9514,90.6661,7.93,93,100,6.85,overcast clouds
443,Byron Bay,AU,-28.65,153.6167,86.11,55,73,14.58,broken clouds
444,Jaisalmer,IN,26.9147,70.9181,53.87,16,2,6.69,clear sky
445,Qaqortoq,GL,60.7167,-46.0333,45.1,95,100,18.59,moderate rain
446,Strezhevoy,RU,60.7333,77.5889,-34.02,100,20,3.76,few clouds
447,Monte Escobedo,MX,22.3,-103.5833,52.65,39,81,3.69,broken clouds
448,Itaporanga,BR,-7.3044,-38.1503,82.11,54,58,10.56,broken clouds
449,Mareeba,AU,-17.0,145.4333,86.32,32,36,5.53,scattered clouds
450,Asau,RO,46.4333,26.4,35.76,95,99,6.08,overcast clouds
451,Tupik,RU,54.4253,119.9327,-6.5,85,100,2.04,overcast clouds
452,Charters Towers,AU,-20.1,146.2667,92.28,22,0,8.48,clear sky
453,Lata,PT,40.1629,-8.3327,51.82,75,0,6.42,clear sky
454,Matara,LK,5.9485,80.5353,76.26,90,71,6.87,broken clouds
455,Visby,SE,57.6409,18.296,41.77,87,3,16.11,clear sky
456,High Level,CA,58.5169,-117.136,-9.29,84,75,4.61,light snow
457,Mehendiganj,BD,22.8167,90.5333,65.41,64,0,8.37,clear sky
458,Nuuk,GL,64.1835,-51.7216,32.61,64,40,10.36,scattered clouds
459,Noumea,NC,-22.2763,166.4572,87.78,99,68,17.38,broken clouds
460,Ilulissat,GL,69.2167,-51.1,37.42,48,84,26.46,broken clouds
461,Conceicao Do Araguaia,BR,-8.2578,-49.2647,75.76,93,100,3.98,moderate rain
462,Nome,US,64.5011,-165.4064,15.87,86,90,6.91,mist
463,Bambous Virieux,MU,-20.3428,57.7575,74.21,76,0,2.13,clear sky
464,Lusambo,CD,-4.9667,23.45,66.99,99,37,0.56,scattered clouds
465,Oriximina,BR,-1.7656,-55.8661,76.57,93,100,2.8,light rain
466,Abu Samrah,SY,35.3029,37.1841,49.44,82,100,5.75,overcast clouds
467,Saint-Augustin,CA,51.226,-58.6502,14.86,68,36,23.87,scattered clouds
468,Peyima,SL,8.7,-11.0333,66.31,60,7,1.07,clear sky
469,Zhangye,CN,38.9342,100.4517,23.65,36,64,5.19,broken clouds
470,Kushiro,JP,42.975,144.3747,20.35,68,75,3.44,broken clouds
471,Motala,SE,58.5371,15.0365,40.78,75,43,11.61,scattered clouds
472,Bossangoa,CF,6.4926,17.4552,68.77,37,26,3.83,scattered clouds
473,Soyo,AO,-6.1349,12.3689,77.32,91,99,6.93,overcast clouds
474,Mastic Beach,US,40.7668,-72.8521,50.02,96,90,3.0,overcast clouds
475,Biltine,TD,14.5333,20.9167,63.7,32,48,9.51,scattered clouds
476,Ulladulla,AU,-35.35,150.4667,88.88,48,90,7.99,moderate rain
477,Imuris,MX,30.7833,-110.8667,54.23,41,8,1.43,clear sky
478,Areosa,PT,41.7178,-8.8571,51.33,64,13,6.76,few clouds
479,Igarka,RU,67.4667,86.5833,-37.98,98,33,4.41,scattered clouds
480,Halifax,CA,44.6453,-63.5724,30.25,61,100,1.01,light snow
481,Baghdad,IQ,33.3406,44.4009,46.31,81,0,3.44,clear sky
482,Fortuna,US,40.5982,-124.1573,50.94,86,90,0.0,overcast clouds
483,Koulikoro,ML,14.0,-7.75,70.72,22,0,8.75,clear sky
484,Bardiyah,LY,31.7561,25.0865,51.48,63,5,21.56,clear sky
485,Beian,NO,63.6559,9.5683,39.29,70,40,26.46,light rain
486,Pesochnyy,RU,60.123,30.164,34.92,91,100,11.32,light rain
487,Lasa,IT,46.6166,10.7002,38.28,70,1,6.38,clear sky
488,Cap-Aux-Meules,CA,47.3821,-61.8597,28.45,64,75,20.71,broken clouds
489,Libertador General San Martin,AR,-23.8064,-64.7876,83.93,48,95,2.82,overcast clouds
490,Catuday,PH,16.2923,119.8062,76.59,84,100,10.16,overcast clouds
491,Honningsvag,NO,70.9821,25.9704,34.66,80,96,19.98,overcast clouds
492,Tambopata,PE,-12.7333,-69.1833,75.45,91,100,1.68,heavy intensity rain
493,Mongoumba,CF,3.6415,18.5936,77.76,55,100,1.83,overcast clouds
494,Bagdarin,RU,54.4333,113.6,0.36,91,100,3.2,overcast clouds
495,Fandriana,MG,-20.2333,47.3833,59.9,95,60,2.33,broken clouds
496,Sabha,LY,27.0377,14.4283,47.19,58,0,6.33,clear sky
497,Magnolia,US,33.2671,-93.2393,47.88,77,100,9.31,overcast clouds
498,Newtownards,GB,54.5924,-5.6909,45.27,98,90,1.01,mist
499,Limoges,FR,45.75,1.3333,42.01,65,0,5.75,clear sky
500,Mozarlandia,BR,-14.7447,-50.5706,74.79,91,100,1.9,overcast clouds
501,Grand Forks,US,47.9417,-97.4337,3.13,78,1,6.91,clear sky
502,Mbumi,TZ,-7.9058,39.2105,74.21,96,11,1.01,few clouds
503,Marawi,PH,7.9986,124.2928,71.65,68,23,2.77,few clouds
504,Ambilobe,MG,-13.2,49.05,75.49,91,14,0.51,few clouds
505,Huarmey,PE,-10.0681,-78.1522,67.89,85,72,8.28,broken clouds
506,Laohekou,CN,32.3858,111.6678,48.0,42,70,2.39,broken clouds
507,Shubarshi,KZ,48.5872,57.1869,31.6,97,100,12.46,overcast clouds
508,Hasaki,JP,35.7333,140.8333,46.29,51,44,8.12,scattered clouds
509,Takoradi,GH,4.8845,-1.7554,79.9,81,75,5.57,broken clouds
510,Sibolga,ID,1.7427,98.7792,74.62,93,100,3.6,overcast clouds
511,Safaga,EG,26.7292,33.9365,55.35,43,0,4.56,clear sky
512,Hami,CN,42.8,93.45,23.56,52,0,3.18,clear sky
513,Prescott,US,34.54,-112.4685,38.97,36,1,1.01,clear sky
514,Auchterarder,GB,56.2961,-3.7069,36.68,98,83,0.67,broken clouds
515,Canutama,BR,-6.5339,-64.3831,75.56,97,100,2.21,moderate rain
516,Alofi,NU,-19.0595,-169.9187,84.09,74,12,14.97,few clouds
517,Garowe,SO,8.4054,48.4845,66.94,81,4,9.71,clear sky
518,Anchorage,US,61.2181,-149.9003,23.05,91,90,0.0,mist
519,Padang,ID,-0.9492,100.3543,75.25,82,100,5.14,heavy intensity rain
520,Simpang,ID,-1.2667,104.0833,77.49,93,100,0.85,light rain
521,Vytegra,RU,61.0064,36.4481,20.32,93,100,8.57,overcast clouds
522,Dunedin,NZ,-45.8742,170.5036,73.65,48,78,11.83,broken clouds
523,Gawler,AU,-34.6,138.7333,72.82,52,30,21.61,scattered clouds
524,Sackville,CA,45.9188,-64.3846,29.48,51,100,4.74,overcast clouds
525,Svetlogorsk,BY,52.6333,29.7333,37.24,98,100,15.97,overcast clouds
526,Laurel,US,39.0993,-76.8483,57.29,72,90,0.0,overcast clouds
527,Kastamonu,TR,41.5,33.6667,26.65,98,98,3.31,overcast clouds
528,Fairbanks,US,64.8378,-147.7164,12.16,83,90,3.44,light snow
529,San Carlos,VE,9.6612,-68.5827,76.42,77,84,3.02,broken clouds
530,Mayumba,GA,-3.432,10.6554,76.23,87,97,3.27,overcast clouds
531,Cabo Rojo,PR,18.0866,-67.1457,75.97,82,29,10.92,scattered clouds
532,Mandalgovi,MN,45.7625,106.2708,14.14,60,6,9.24,clear sky
533,Copperas Cove,US,31.1241,-97.9031,50.05,53,1,16.11,clear sky
534,Gandorhun,SL,7.5,-11.8333,75.96,92,35,2.1,scattered clouds
535,Slobozia-Ciorasti,RO,45.6167,27.2,31.84,77,62,2.89,broken clouds
536,Tigil,RU,57.8,158.6667,-7.08,97,58,3.24,broken clouds
537,Akyab,MM,20.15,92.9,68.81,72,15,5.57,few clouds
538,Waingapu,ID,-9.6567,120.2641,87.49,68,49,5.88,scattered clouds
539,Panjab,AF,34.388,67.0233,23.67,36,81,2.21,broken clouds
540,Iwanai,JP,42.9744,140.5089,28.98,76,99,11.88,light snow
541,Robertsport,LR,6.7533,-11.3686,80.53,82,8,3.78,light rain
542,Bairiki,KI,1.3292,172.9752,81.72,81,21,16.55,light rain
543,Arman,RU,59.7,150.1667,-6.0,82,100,10.94,overcast clouds
544,Marsa Matruh,EG,31.3525,27.2453,52.0,87,20,16.11,few clouds
545,Henties Bay,NA,-22.116,14.2845,60.85,85,15,2.3,few clouds
546,Mount Gambier,AU,-37.8333,140.7667,62.51,55,75,27.63,light rain
547,Hohhot,CN,40.8106,111.6522,8.89,78,0,4.47,clear sky
548,San Vicente,AR,-26.6167,-54.1333,73.96,71,31,4.05,scattered clouds
549,Pangnirtung,CA,66.1451,-65.7125,24.55,73,100,13.53,overcast clouds
550,Huicungo,PE,-7.2833,-76.8,72.32,98,84,1.88,broken clouds
551,Chumphon,TH,10.3333,98.8333,77.11,71,100,7.63,overcast clouds
552,Zgierz,PL,51.8556,19.4062,39.96,95,75,8.99,broken clouds
553,Olga,RU,43.7444,135.2892,16.93,40,11,7.02,few clouds
554,Tinskoy,RU,56.1525,96.9161,14.38,94,100,8.34,light snow
555,Sabang,ID,5.8933,95.3214,79.47,81,100,19.91,overcast clouds
556,Santa Rosa,PH,14.3122,121.1114,75.85,95,100,7.02,light rain
557,Beringovskiy,RU,63.05,179.3167,32.34,98,100,15.01,light snow
558,Antofagasta,CL,-23.65,-70.4,63.68,82,82,3.29,broken clouds
559,Niono,ML,14.2526,-5.993,72.75,18,7,9.57,clear sky
560,Vangaindrano,MG,-23.35,47.6,72.63,87,98,10.58,overcast clouds
561,Vigrestad,NO,58.5667,5.7,47.88,89,93,29.21,overcast clouds
562,Kasongo-Lunda,CD,-6.4667,16.8167,72.9,85,99,1.01,overcast clouds
563,Wani,IN,20.0667,78.95,56.23,42,0,5.1,clear sky
564,Karpogory,RU,64.0019,44.4451,3.61,96,100,6.15,overcast clouds
565,Cassilandia,BR,-19.1133,-51.7342,73.42,93,100,0.43,overcast clouds
566,Male,MV,4.1748,73.5089,82.35,78,75,12.66,haze
567,Malkangiri,IN,18.35,81.9,59.74,69,0,1.88,clear sky
568,Hobyo,SO,5.3505,48.5268,77.86,83,90,17.52,overcast clouds
569,Iberia,US,29.9502,-91.7507,62.67,94,90,12.66,heavy intensity rain
570,Matay,EG,28.419,30.7792,50.65,63,6,8.03,clear sky
571,Bougouni,ML,11.417,-7.479,73.4,21,19,5.32,few clouds
572,Brae,GB,60.3964,-1.353,48.11,83,100,13.62,overcast clouds
573,Port Augusta,AU,-32.5,137.7667,83.71,23,13,20.04,few clouds
574,Kamenka,RU,51.3223,42.7678,18.1,98,83,5.59,broken clouds
575,Marzuq,YE,14.4,46.4667,58.28,70,9,1.79,clear sky
576,Roebourne,AU,-20.7833,117.1333,101.39,18,0,10.18,clear sky
577,Nanton,CA,50.3501,-113.7687,37.45,88,68,7.23,broken clouds
578,Darhan,MN,49.4867,105.9228,10.65,85,54,7.2,broken clouds
579,Kungurtug,RU,50.5994,97.5228,6.17,91,100,2.15,overcast clouds
580,Saint Simons,US,31.1352,-81.3901,70.0,98,1,5.75,clear sky
581,Pedasi,PA,7.5333,-80.0333,78.06,80,100,1.77,overcast clouds
582,Santa Elena,EC,-2.2333,-80.85,71.91,84,100,7.96,overcast clouds
583,Puerto Leguizamo,CO,-0.1934,-74.7819,73.08,98,98,0.6,overcast clouds
584,Platanos,GR,37.6667,21.6167,42.08,75,0,5.3,clear sky
585,Homer,US,59.6425,-151.5483,30.09,80,75,5.75,broken clouds
586,Gornyy,RU,55.1153,83.9059,-5.93,100,100,2.48,overcast clouds
587,Lekoni,GA,-1.5843,14.2591,77.05,69,87,2.48,light rain
588,Mikhaylovka,RU,50.06,43.2379,29.79,95,96,9.84,overcast clouds
589,Awjilah,LY,29.1081,21.2869,53.56,75,97,12.86,overcast clouds
590,Puerto Madryn,AR,-42.7692,-65.0385,63.88,81,1,16.28,clear sky
591,Irara,BR,-12.05,-38.7667,71.46,91,100,7.94,light rain
592,The Valley,AI,18.217,-63.0578,78.66,78,20,11.5,few clouds
593,Haines Junction,CA,60.7522,-137.5108,-11.25,77,100,1.14,overcast clouds
594,Carauari,BR,-4.8828,-66.8958,75.2,97,100,1.88,overcast clouds
595,Gazli,UZ,40.1333,63.45,49.96,25,100,9.95,overcast clouds
596,Lufilufi,WS,-13.8745,-171.5986,91.18,76,10,18.45,clear sky
597,Pitimbu,BR,-7.4706,-34.8086,79.39,75,20,11.16,light rain
598,Balaipungut,ID,1.05,101.2833,77.41,94,100,1.97,overcast clouds
599,Novo Aripuana,BR,-5.1206,-60.3797,75.36,97,100,2.26,overcast clouds
600,Sortland,NO,68.6949,15.4162,39.36,81,100,23.71,light rain
601,Zunyi,CN,27.6867,106.9072,42.64,79,100,0.51,overcast clouds
602,Tyrma,RU,50.0833,132.1667,-10.48,90,82,0.81,broken clouds
603,Grindavik,IS,63.8424,-22.4338,48.15,100,90,16.11,overcast clouds
604,Karratha,AU,-20.7377,116.8463,101.1,18,2,9.78,clear sky
605,Passage West,IE,51.8739,-8.3444,48.52,94,75,8.05,broken clouds
606,Flin Flon,CA,54.7682,-101.865,-2.7,93,100,7.45,overcast clouds
607,Hokitika,NZ,-42.7167,170.9667,63.05,66,97,7.76,overcast clouds
608,Tonala,MX,20.6167,-103.2333,65.32,43,100,2.73,overcast clouds
609,Nizwa,OM,22.9333,57.5333,60.28,69,88,1.61,overcast clouds
610,Kanniyakumari,IN,8.0833,77.5667,76.24,76,71,21.54,broken clouds
611,Kapit,MY,2.0167,112.9333,81.41,82,100,1.48,overcast clouds
612,Uniontown,US,39.9001,-79.7164,57.96,56,100,4.0,overcast clouds
613,Wewak,PG,-3.5534,143.6268,83.08,72,96,2.59,overcast clouds
614,Qorveh,IR,35.1664,47.8045,34.23,84,30,5.59,scattered clouds
615,Nabire,ID,-3.3667,135.4833,84.88,69,88,4.88,overcast clouds
616,Mrakovo,RU,52.7161,56.6244,24.64,97,100,5.26,light snow
617,Teacapan,MX,22.55,-105.75,71.73,74,100,7.9,overcast clouds
618,Berdigestyakh,RU,62.0989,126.6992,-36.36,99,95,2.82,overcast clouds
619,Petropavlovsk-Kamchatskiy,RU,53.0452,158.6483,9.19,52,0,13.42,clear sky
620,Troitskoye,RU,52.9821,84.6757,16.21,98,100,4.14,overcast clouds
621,Bloemhof,ZA,-27.6469,25.607,57.74,84,60,8.41,broken clouds
622,Nara,JP,34.6851,135.8049,45.64,58,43,12.88,scattered clouds
623,Cayenne,GF,4.9333,-52.3333,81.09,85,75,5.01,broken clouds
624,Rabo De Peixe,PT,37.8,-25.5833,59.27,98,75,18.41,broken clouds
625,Pauini,BR,-7.7136,-66.9764,74.89,99,100,2.64,overcast clouds
626,Barkhan,PK,29.8977,69.5256,39.4,12,0,1.54,clear sky
627,Baruun-Urt,MN,46.6806,113.2792,8.06,82,16,7.07,few clouds
628,Ouro Preto Do Oeste,BR,-10.7481,-62.2158,72.36,97,100,2.42,overcast clouds
629,Vanimo,PG,-2.6741,141.3028,87.39,63,60,5.3,broken clouds
630,Santa Ana,US,33.7456,-117.8678,63.79,61,20,4.61,few clouds
631,Vanavara,RU,60.34,102.2797,-40.52,99,16,3.06,few clouds
632,Saint Anthony,US,45.0205,-93.218,15.4,82,1,1.99,clear sky
633,Saint Andrews,US,34.0454,-81.1293,67.69,84,90,3.0,heavy intensity rain
634,Lakes Entrance,AU,-37.8811,147.981,79.57,53,100,15.52,moderate rain
635,Severodvinsk,RU,64.5635,39.8302,12.31,93,100,10.11,overcast clouds
636,Lorengau,PG,-2.0226,147.2712,80.94,87,100,10.31,moderate rain
637,Sherbrooke,CA,45.4001,-71.8991,27.12,93,90,11.5,snow
638,Skovorodino,RU,53.9833,123.9167,-7.35,89,100,1.21,overcast clouds
639,Saint-Alexandre,FR,44.2278,4.6214,36.97,81,0,4.07,clear sky
640,Alihe,CN,50.5667,123.7167,2.82,75,69,2.28,broken clouds
641,Ha Giang,VN,22.8333,104.9833,63.12,73,83,1.72,broken clouds
642,Dondo,MZ,-19.6094,34.7431,71.11,74,85,6.73,overcast clouds
643,Redmond,US,47.674,-122.1215,44.02,89,100,3.0,overcast clouds
644,Krasnyy Chikoy,RU,50.3643,108.7512,5.38,89,100,2.28,overcast clouds
645,Jawhar,SO,2.7809,45.5005,74.62,89,91,10.16,overcast clouds
646,Yongan,CN,39.6957,113.6871,25.12,50,1,11.59,clear sky
647,Sinnamary,GF,5.3833,-52.95,77.2,89,16,6.4,few clouds
648,Oranjemund,NA,-28.55,16.4333,60.96,82,1,4.74,clear sky
649,Madang,PG,-5.2246,145.7966,88.38,62,76,4.88,broken clouds
650,Honiara,SB,-9.4333,159.95,82.99,78,97,3.91,overcast clouds
651,Sao Gabriel Da Cachoeira,BR,-0.1303,-67.0892,75.79,96,100,0.43,moderate rain
652,Syzran,RU,53.1585,48.4681,25.18,96,100,4.63,overcast clouds
653,Tsnori,GE,41.6209,45.9694,42.04,64,93,2.19,overcast clouds
654,Logrono,ES,42.4667,-2.45,37.02,100,90,6.91,mist
655,Skibbereen,IE,51.55,-9.2667,48.0,84,100,14.67,overcast clouds
656,Funadhoo,MV,6.15,73.2667,81.19,74,97,7.38,overcast clouds
657,Steamboat Springs,US,40.485,-106.8317,22.71,81,40,0.0,scattered clouds
658,Nador,MA,35.174,-2.9287,59.25,77,90,8.05,overcast clouds
659,Axim,GH,4.8699,-2.2405,78.94,84,67,4.14,broken clouds
660,Progreso,MX,21.2833,-89.6667,80.11,71,53,7.43,broken clouds
661,Escarcega,MX,18.6089,-90.7454,80.73,63,79,5.73,broken clouds
662,Puri,IN,19.8,85.85,70.38,65,0,10.69,clear sky
663,Kjopsvik,NO,68.097,16.3742,40.17,91,100,11.41,overcast clouds
664,Gayeri,BF,12.6497,0.4931,68.36,21,0,9.66,clear sky
665,Miri,MY,4.4148,114.0089,78.94,89,20,8.05,few clouds
666,Kropotkin,RU,45.4375,40.5756,35.47,73,100,9.93,overcast clouds
667,Birjand,IR,32.8663,59.2211,48.67,25,75,9.22,broken clouds
668,Maracaju,BR,-21.6144,-55.1683,74.5,90,32,5.53,scattered clouds
669,Buchanan,LR,5.8808,-10.0467,79.36,84,17,3.51,few clouds
670,Paris,FR,48.8534,2.3488,43.5,96,90,5.99,mist
671,Boa Vista,BR,2.8197,-60.6733,82.38,74,40,5.75,scattered clouds
672,Qarqin,AF,37.4185,66.0436,52.84,12,99,17.05,overcast clouds
673,Kindu,CD,-2.95,25.95,68.5,97,95,1.36,overcast clouds
674,Kutoarjo,ID,-7.7169,109.9128,88.16,75,100,3.2,overcast clouds
675,Brewster,US,41.3973,-73.6171,45.01,96,100,3.06,overcast clouds
676,Ugoofaaru,MV,5.6667,73.0,81.01,74,100,8.08,overcast clouds
677,Tierralta,CO,8.1736,-76.0592,76.6,91,100,1.7,overcast clouds
678,Xiaoshi,CN,41.2971,124.1209,28.42,52,0,7.65,clear sky
679,Meadow Lake,US,34.8014,-106.5436,34.59,42,0,4.03,clear sky
680,Otavi,NA,-19.65,17.3333,68.25,71,23,2.48,light rain
681,Clara,IE,53.3425,-7.6139,39.31,95,4,4.34,clear sky
682,Kabardinka,RU,44.6514,37.9428,32.22,68,91,4.61,overcast clouds
683,Kurilsk,RU,45.2333,147.8833,22.89,78,100,21.09,light snow
684,Benguela,AO,-12.5763,13.4055,75.27,84,100,1.52,overcast clouds
685,Bad Doberan,DE,54.1071,11.9005,45.0,91,100,7.0,overcast clouds
686,Labuhan,ID,-6.8844,112.2051,84.72,74,100,5.23,overcast clouds
687,Hirara,JP,24.8,125.2833,67.86,55,40,11.5,scattered clouds
688,Saint-Joseph,RE,-21.3667,55.6167,72.46,78,55,3.18,broken clouds
689,Muli,MV,2.9167,73.5667,81.55,79,91,14.45,overcast clouds
690,Comodoro Rivadavia,AR,-45.8667,-67.5,64.26,55,0,4.61,clear sky
691,Fare,PF,-16.7,-151.0167,79.54,74,94,8.32,moderate rain
